model,budget_fraction,selected,good_found,total_good,precision,recall,lift,random_expected_good
logistic_regression,0.050000,54,31,202,0.574074,0.153465,3.023836,10.251880
logistic_regression,0.100000,107,55,202,0.514019,0.272277,2.707504,20.313910
logistic_regression,0.200000,213,99,202,0.464789,0.490099,2.448194,40.437970
logistic_regression,0.300000,320,134,202,0.418750,0.663366,2.205693,60.751880
logistic_regression,0.500000,532,182,202,0.342105,0.900990,1.801980,101.000000
logistic_regression,1.000000,1064,202,202,0.189850,1.000000,1.000000,202.000000
random_forest,0.050000,54,41,202,0.759259,0.202970,3.999267,10.251880
random_forest,0.100000,107,73,202,0.682243,0.361386,3.593597,20.313910
random_forest,0.200000,213,127,202,0.596244,0.628713,3.140613,40.437970
random_forest,0.300000,320,156,202,0.487500,0.772277,2.567822,60.751880
random_forest,0.500000,532,188,202,0.353383,0.930693,1.861386,101.000000
random_forest,1.000000,1064,202,202,0.189850,1.000000,1.000000,202.000000
